{
    "screencap_origin": [0,0],
    "screencap_size": [1920, 1080],
    "screencap_fps": 30,
    "preset": "veryfast",
    "video_codec": "libx264",
    "audio_codec": null,
    "audio_bps": null,
    "exe": "ffmpeg",
    "ffprobe_exe": "ffprobe",
    "win32": {
      "video_format": "yuv420p",
      "vcap": "gdigrab",
      "acap": "dshow",
      "hcam": "dshow",
      "screen_chan": "desktop",
      "camera_chan": "video=Integrated Camera",
      "audio_chan": ""
    },
    "darwin": {
      "video_format": "uyvy422",
      "screen_chan": "1:0",
      "vcap": "avfoundation",
      "hcam": "avfoundation"
    },
    "linux": {
      "video_format": "yuv420p",
      "camera_chan": "/dev/video0",
      "screen_chan": ":0.0",
      "audio_chan": "default",
      "vcap": "x11grab",
      "acap": "pulse",
      "hcam": "v4l2"
    },
    "sites":{
      "localhost": {
        "keyframe_sec": 2,
        "url": "rtmp://localhost"
      },
      "file": {
        "keyframe_sec": 2,
        "video_kbps": 2000,
        "screencap_size": [640, 480]
      },
      "facebook": {
        "keyframe_sec": 2,
        "url": "rtmps://live-api-s.facebook.com:443/rtmp",
        "streamid": "xxxx-xxxx-xxxx-xxxx"
      },
      "youtube": {
        "keyframe_sec": 2,
        "url": "rtmp://a.rtmp.youtube.com/live2",
        "streamid": "a0g4-d5js-s2v9-4zgb-cmvp"
      }
    }
  }